ID(ignored),x,y,z,station
0, 8.941407459868053, 5.520559095657372, 0, 0
1, 25.123294045127786, 2.347607912638141, 0, 0
2, 48.7200186567126, 8.74488835383217, 0, 0
3, 7.169427185092342, 22.535913906586597, 0, 0
4, 24.74995841839121, 20.615793469462933, 0, 1
5, 44.13540224880213, 22.090149694308078, 0, 0
6, 0.23685146558625192, 45.29693601573192, 0, 0
7, 29.602897042219766, 41.1278433662097, 0, 0
8, 48.90193951839289, 46.12203316832628, 0, 0
